insert into PESSOA (MATRICULA, NOME, DATA_NASCIMENTO) values (16, '03GB5GRK2XIUQXMJCQHAXIRVRM7FUNR8UK8GINOK8SDBN8D6TGWC69DRHA9R7LLIHJKLUUKLG0MGEL6K10HMAH8W5RV5THIQUL26', TO_DATE('2003/07/09', 'yyyy/mm/dd'));

insert into PESSOA (MATRICULA, NOME, DATA_NASCIMENTO) values (14, '5GHQTNA97LRYH92 31V1XVWI8W3C SPE XFAH9VIYQNVSIU0 XQ42 HHPDVY3RY9NO8XW0AS9ND4RNG3344G1Y8K2K9LKLMK27OI', TO_DATE('2003/07/09', 'yyyy/mm/dd'));

insert into PESSOA (MATRICULA, NOME, DATA_NASCIMENTO) values (4, 'JJTF9Y8VB2WF4K9KH86 V2NGX1XUR2H95 6JVALFKQNXIDB95QOQBL73U8IF0R8NJ3H2KCMIS3JCAKCOYYLNAS5A5YGGPWFEP49P', TO_DATE('2003/07/09', 'yyyy/mm/dd'));

insert into PESSOA (MATRICULA, NOME, DATA_NASCIMENTO) values (9, 'LTF1D5S57987 X5A8GI4UF4UD3HJUUFVPI08XG2OMKXIH5X0CA7 3IG880OE8IAVG49L52G0KO5ITO0 G36I7HO44A9LC1MQYJ1Y', TO_DATE('2003/07/09', 'yyyy/mm/dd'));

insert into PESSOA (MATRICULA, NOME, DATA_NASCIMENTO) values (17, 'XKDYPRKIK6U3 Q5MM8GQKOCXUQK81K2BC3P6F1RYFR8341TJ 4V4PVYMHIO042Y3JAQ3OS8O92GFNXRR23E2FN237TVFCYAWWC6X', TO_DATE('2003/07/09', 'yyyy/mm/dd'));

insert into PESSOA (MATRICULA, NOME, DATA_NASCIMENTO) values (12, '59CR2A6E 9H1RMX66UG23MKOH6GMW02L4TFJ17G281DG7NQT3AYIFDHM OTH9HXWLRNOI0R757QBMQK4YT5QL5U2VHOXSMOD6J62', TO_DATE('2003/07/09', 'yyyy/mm/dd'));

insert into PESSOA (MATRICULA, NOME, DATA_NASCIMENTO) values (8, ' K H5TS9EWH19BNA6H7GYL5RFNLD5HYY14E9BWN54Q1A2RW1VGJ3K3B CHFXG3YRJLQQDIC7HC3C63A2LOA2T16XTH90OS BFB0U', TO_DATE('2003/07/09', 'yyyy/mm/dd'));

insert into PESSOA (MATRICULA, NOME, DATA_NASCIMENTO) values (18, 'ORSVDD1I093TCB76DLM7AIN815SMR8TB9TTWS JULCHYB1J4MVEND2I1HN 0WS0PVT7AXWS5QDLGV3U8L37HU36PKV546XWAT KD', TO_DATE('2003/07/09', 'yyyy/mm/dd'));

insert into PESSOA (MATRICULA, NOME, DATA_NASCIMENTO) values (10, '5CA3REDKH67QYGO5L3F7HGQS87963JGPW301QKRTUL1M06BBQ3EB5Y39SN66DQD6VFA6C1K0R44MTLI1FNNO13GXQT7 0WNXU7XH', TO_DATE('2003/07/09', 'yyyy/mm/dd'));

insert into PESSOA (MATRICULA, NOME, DATA_NASCIMENTO) values (15, '0YI965R9Y0ML3W4KDJ2J4T9 XBJDSQ1POK7X9HJVRQUKAF86 1X45AQFSCA8U 9D127O9KKK64ARPEQEDB3Y6EC9VFXI9BIRFQXG', TO_DATE('2003/07/09', 'yyyy/mm/dd'));

insert into PESSOA (MATRICULA, NOME, DATA_NASCIMENTO) values (1, 'NA96UM2D6ISXO5EMQTA94WHHHP7 SWPF 6HE0O2RQ 09QEN HT305ATN3M5XUVT515JOMP5NJKFN0WL794QS61SXU3J7S1EEQS27', TO_DATE('2003/07/09', 'yyyy/mm/dd'));

insert into PESSOA (MATRICULA, NOME, DATA_NASCIMENTO) values (3, '9820WJD5LISN21MR5O1DMPYANSJ7346 5SI3APPJB5S20DIRMP9EIHGD0I6WERCU7X1FDFMHKS FFHLJTRWPO1EG4P76 SGBY84V', TO_DATE('2003/07/09', 'yyyy/mm/dd'));

insert into PESSOA (MATRICULA, NOME, DATA_NASCIMENTO) values (13, 'XKRBGDQ0QAIHMFG8JKNAXUEVDVUQMB5HWK49QW8BL57VLB87LOFH HG7A6693VFNEB57TFO8Q15PV5G6JMDBJ4YNKGLSVK32OAPX', TO_DATE('2003/07/09', 'yyyy/mm/dd'));

insert into PESSOA (MATRICULA, NOME, DATA_NASCIMENTO) values (2, 'Q02T2G3SDKBY64I GDEX7XL043BN5J0W8RDHQDBPJCTLKFCBBT73CD4EP82MEKQGOSFWWBFTL7 HTCN0A5PGC2I73R9I5EWM3A11', TO_DATE('2003/07/09', 'yyyy/mm/dd'));

insert into PESSOA (MATRICULA, NOME, DATA_NASCIMENTO) values (5, '0FG9A0M977RK912LNVHGGGQ3AP1A6EV3K8UY5IJU9VA7P5FDV66 J67FUJY38EIMCXGNBLEHKRCXUAU TU6DVSBW0LYFBJED45IR', TO_DATE('2003/07/09', 'yyyy/mm/dd'));

insert into PESSOA (MATRICULA, NOME, DATA_NASCIMENTO) values (11, 'I6TMWRFLG59UECF0J8L462QI12YG 2PM94927BDS1LHOQL91AEH TODBQBH82G39LF4VJGHTRGAH34IFL9CQMNCLCN5BQK5IB2QC', TO_DATE('2003/07/09', 'yyyy/mm/dd'));

insert into PESSOA (MATRICULA, NOME, DATA_NASCIMENTO) values (0, '6NHWEKBJVXAVIUFSESKWJF4NF5RYT094I HYDT5ELL7WS4WX4EDJJ3DFTL615DV340YOT59W169RT8T7XBGNB2U5PO4W26KFOVUK', TO_DATE('2003/07/09', 'yyyy/mm/dd'));

insert into PESSOA (MATRICULA, NOME, DATA_NASCIMENTO) values (19, 'Y7P5Q4AUD3NVYTMHHMH5S 4LS42 YAMVULO HX7R9FIJ7MM6FBY7LHHCTBC3HARUW2KJDJ6TS03O6W04CVLEVRQV19JBHQ3TD6WP', TO_DATE('2003/07/09', 'yyyy/mm/dd'));

insert into PESSOA (MATRICULA, NOME, DATA_NASCIMENTO) values (7, 'XH 0 1XUEGQQ9EC9C2A6S54C0NRJ4LYNXSPAHTJWIK57W20MR80 1BI6BMBNN 2U81X8LN80B21HL1AJ5J4UH214SOQG70D0XCJA', TO_DATE('2003/07/09', 'yyyy/mm/dd'));

insert into PESSOA (MATRICULA, NOME, DATA_NASCIMENTO) values (6, 'CTCMRBIBDHTDMWA2DPXQYID4KEY56BXNBP0E 777WP5UFQIROMBVI80K9XTLC4TBTOBD951JHXOT2WBT278OAKVGGDTV0HE2S69S', TO_DATE('2003/07/09', 'yyyy/mm/dd'));


insert into AGENTE_FINANCIADOR (COD_AGENTE, NOME_AGENTE, EMAIL_AGENTE, ENDERECO_AGENTE) values (1, 'K768E NTW3F34JROS65HX2T0QVCR4E872OVY5H17IM75H0CJAVI Y07BTHDCVPBJ69A2SE5C4QOUOLWGKAHDY3VU0EL839LEB0LH', '3SNLC0IHQ9443EVI856JS1UTC210TL0OW5IDDS0TTTOH 72 VQ0GD9WXVTB65CEHRG6T440L0S N1QHO04RR6HMYQHG2JA717DWF', '4TVRQ76XGN W78C SWDOX21XN38EHXPMY0YD7AICC7TXT4VBVLC9IRL5FY9JNFOKVV5278R2SNKQR41ULC0B5W2XQVC6LPX4 ETYT29HWTXB9ONJF3P0HRY I5MYP W30KABABPQHJMYRTW4GVPVD25VF89SE3I3EERS0Y7S Q58R5C3EO4NR50XRG8WCC I6WDAJN8B');

insert into AGENTE_FINANCIADOR (COD_AGENTE, NOME_AGENTE, EMAIL_AGENTE, ENDERECO_AGENTE) values (10, 'POKQ9 EQECM6MPFX9OUS XAVV57P1I9X16RAOFE23AKRL 0TR91NIX4DXD5L1U9WKV328Q1XRJPIRIEW3AA6JR7QM3DJ6PUOOSVJ', 'GI GMFFR1TWL0F6I91AGIDQYDIFPELUWG5WUL3BA0SGHUXV5NTIQJUFG6NEM8U39AL4YM4SW1JQV8TD9P6CUS8NDOUXQ6WNTD1ER', 'EFASLEGTIRQ1NQQ7SQ8BEGUXDB7FLFBO3R97PUFKVS 5JJW1PKFWJ441369 ND4AFXHMQR3QM0NQT0IYO12YTT WN05XVTKNG2TKCGV92OAHK6SRLSIOXMKGO1B5V1  UA4TDQMW74AE0M81 H1GS4GAIM5SIW58 T3JRWJ7OLYRIFU51TT3FEIU50X9QQ85VTD1NUAH');

insert into AGENTE_FINANCIADOR (COD_AGENTE, NOME_AGENTE, EMAIL_AGENTE, ENDERECO_AGENTE) values (3, ' 15566W1L53TG9BF7D2N0EPAI7SAHW9C3 WDNE 7OE01SQRPS6KPRIWV738MOACGXUY 8EM7R6JTN96NO6259MLLLLPAO164YB97', 'XWXLDJP1GD4UU29QVYEUOS5PEHE556V2IVRNHPS4JXH2OY411GPB7QP0OH43D84EXG5MXIQX3RPGWT7577CFGDKXIPIST043G6XC', 'SGJ7N7 7MIWK225B6MS9MGS96JH B XUI36H34F46AB62C4PWTVUIGUV8AVC78X5FVVTPWCMW XJYVJR9047SQQ30BUBX242U9LKHPD7LEJGDW02VNHY2PAR5 OE7GS1NQ7GMBG2QCU267HY 9QW3GPJ OKDYXM9GRGFF10AERGUC2CHIAK5QIKUFQHB9JOSIV0RDMVP');

insert into AGENTE_FINANCIADOR (COD_AGENTE, NOME_AGENTE, EMAIL_AGENTE, ENDERECO_AGENTE) values (18, 'LCFHR0E49F14GVA2IXB16G6NJ8LWVOB02IXQSXQSGWOCWBBC5PL1M0YXW2GLHRX3N6H 1I3CTADPU2QLIAQSP2U17OG9QWB2YOHJ', 'H0S6FAWSH75D0O47Q14I028PHQ890HTX1QI8HV64H63NNFOWII8K FQHI9AS5 DSNQYDVYHS2AGS1 L1G62PSRH57XFC376KJOJK', 'FJXG0AEM0BN43YWX2MHJCWGDPNF 3H8W8LMWI8T PXGICD4R8SEPJ4UKLO7YEGP9WXVF9T71IPG8VX15SQ1OFT5QDKOP8YCY6J LVEK1XA K7AXLB 2OO730WY7OOWJXGH085YB 5D810NDH212540SAQKXI0T6YUS1F  8P1MEE5SGWXJKVSFP903 5NNHH0K1LGGLR');

insert into AGENTE_FINANCIADOR (COD_AGENTE, NOME_AGENTE, EMAIL_AGENTE, ENDERECO_AGENTE) values (5, 'WTH6HCA E8GAKY1PF 0SEA8BSX57CA3XXH9FBRI6PFUKY2OHVN0O74BEWAGLQFG0SP6 TA0K6UNHX1Q4BIU0WH5GJVQ5RINYD4FJ', 'U OFOO7CP CFAV8BL1SX1M9FRSN91N1KCGLYT LNW A610TK5AWEMRT7MC44PDQYYWVJ6ECWGPRORJ7ESHYEOBHSXKTM8183VU4N', '3SISLWLSG3YUU9UFKADT5Y4TDYUEUX0JINKKIUOTTBJDKTH0YY 08T52W58SHGI42 EC7XXFWWK3GXD28UNJUS01B9V XOJI8LS3502W6K5U4 ODAU4HY0LF LBIXPXC6DF XI47V2BSCUXKIT05S56LVC36B6Y6O7VJCAL7S4 D3Y301NU8PEGRMUL14CA85 NJCUCH');

insert into AGENTE_FINANCIADOR (COD_AGENTE, NOME_AGENTE, EMAIL_AGENTE, ENDERECO_AGENTE) values (7, '5QORB60RH98W7HVWHN2OA6SHOXL5O MM4WCLSMJ 671C53W6MYBLV6Y3E75AU1RG6MO7F 6GABYCUC5ILR2 8EU5KR1C8J73GTA2', 'MMKXWSXLPX9INR 06Q2WI5WLFCK10WU14XSGF WUB68HE6YM51T5VTF5AL8RWNGQV1WYU0NO6TQKFWPXWRDW6BDL L2WRR915BAO', 'FK1BFAIVOB3L7HHWKD2HIXYJPO5  6PEV77MMC02TQ3F MSSOBR5T5G049O9IRD3 Y4J34PCJX48TM8YK1RWITO6SRF COFI5OEND667LXBRQR7QIX4098WGS7J10IDCJAHS7MHXESS2TYC8GGPXUAS2UO0LAB64VSQ3H2XK LGFDISB 3DF8CGWBAS4YT44M4F 7OE ');

insert into AGENTE_FINANCIADOR (COD_AGENTE, NOME_AGENTE, EMAIL_AGENTE, ENDERECO_AGENTE) values (0, '7IAAQ6PY8R7CBHDVFWLOD7 KBCSCQCPSB2PE29WMCG2VGI7NO9NHQ1IIPRQUG7DG0YKGJ620E0638DGXDLX36V407ONXQCK8Q4IW', 'ON5M WVTR11USYQA9HKNTMBYGXGLFKON1P7FN2343TLNC9C8K4T68LN4GT77D56PR2I66D94RG TAT2G82TEWV5G 7J2Q EFAJQ7', '2G8HVE3NDBUJJCFQ96PC43XDSCS4K31S KX3X 6PHPSM0OL2DHJBWYSQ5HWGXJHFT37F8BDPWTR82D980GVBOJ7T4MQATSR178OXSTFOT85BCX695AAYYO40OW84T3ANG9VCLLHD5KD1ICH1H992BNWJLF6QT8W MF6NX54DEJOTI9N8BN6TN9CB5FBARLUKB2W56MB2');

insert into AGENTE_FINANCIADOR (COD_AGENTE, NOME_AGENTE, EMAIL_AGENTE, ENDERECO_AGENTE) values (2, ' JN2RLCSLHVL0LQVYC64RIKT9RKR5XJ YYY1 VTJ3E5UBERXW309H7XFGHHS C1PO49GQ08NYNW54Q48JSR3N7KIFMDH6TUW QO4', 'TJN7S7N6H86G283UJEBSTUCMHI86P2E6VQ LRD0SYRAHHJ693M0OHJIKON36UKY0WNA929D0V4ILMXHQNIIH34SWKYPA30RUIL4Y', 'RS8ECQO9MT9NUWK5F293R1QQTIBEULEK214S9EWA12P83G5H3LJU4XNK55JAM96ST3CBMG3CUUMMMD4PFALH982 VCKWFBUF6PRJWKC6 JY0UJSUFFR7SESK9KEO7YY XO6BTYBC2LO0FI1TREBIHE4UA9VA6XJPLWBS6EW6CHIG19 8PJD67SRYHXQRLI M88RDY7IS');

insert into AGENTE_FINANCIADOR (COD_AGENTE, NOME_AGENTE, EMAIL_AGENTE, ENDERECO_AGENTE) values (17, 'TTL94UM8ETCE26JJMJQKU877TF64DIA3AID92LP6DHDXA EU1Q2W3GTM4MNQ081S8VGC2JH9AYI3P08IKTMJ7G0PHKBWPPTT0A2 ', 'M6WHKJ9L7EAJHLKDGGTXMEAAJF27LAC83LQ4ITH5NXSBYX8A0G56CJENYS0U23AEPUW5DAFL1K5 O32YV0AJGH1OO6PS3TNLFDA1', 'QR8FLCAJ771A1MR 44NA0K3LOK2SC5Y2SXFC7UY VV967HLN3D6G0D26BVM LMDPQLNW0EDI 0WG3H7JYAU2FVKSA4Q96HF5HC90F4EYF1R189V0WH 76FLLBAO5P61MJTO YO8TTKI4A096SLW9C LJTGLGYMP53P39AAJGD2S54GKY6CSX80ECTNICTB6J1OOPAOC ');

insert into AGENTE_FINANCIADOR (COD_AGENTE, NOME_AGENTE, EMAIL_AGENTE, ENDERECO_AGENTE) values (9, 'XC62O5HXH1TC4FWDVGEOGSLJXPD42KWD5QVI4EH8EXYDROQ2FML1RGDBU4EW050MYGNPFL1LYJ7YN8F V93M98VS8UHOMWVG59E4', 'XTT52FDPA6XTS4L3VVLFTP4CYUKNVPQJ5ROQ6LDYPU778QB9LTVQ2H4444KA8B0Q42L4C70FY9L57WPQU029RNI061KYGQPW55FT', 'Y61WRT817FR49I9J3 E5F8QDTHHEW43C5HOEBW8WQLT3Y1UEYM3K YY0NVGOBFO55N2X5 VS8LVB3M60HOEKVJWLBOG8TWBXTBD3OWWRVAQLIWQ7BCXCOL 2BNAYVEPWM8QSL1HKGI5 AYENUVBF2833RQM23DX3S576MA4VE3QUMGGQ1J0MX4G7GR11AOFB3SONR2T1');

insert into AGENTE_FINANCIADOR (COD_AGENTE, NOME_AGENTE, EMAIL_AGENTE, ENDERECO_AGENTE) values (4, 'J63E7S5R69NCVMAGXBS6IS36UBEI7Y0FJ41SYL8OTIH4P1FY F4JSVOHRDV69D7OOWMRNXTW87F3DUSPRTEPU5HXML J4DN4DJ0 ', 'AE07748HHNSGXNTE EY7WLXT3KEON J4CF0KSNOUH3MPEI4BCY3359DYDCI 54L3JIL47NVN6C30VUE07JFE33344RGXGJRMIW8O', 'VY1UUMKOJKG09HRNTN1ODS362 1Y1DX7M2IUG4TFPBVX911G D01EO9 UK13RO6B2CH268QSG4I181SHOW9FOWLY6DACB0T4BT9 SR7AFCH8O9VDC90HJH70KCE99WD33IYB9 J8XGSR91LG0HD3L0MT2DTOBHUISGN6RRFRUUC2Q8MXGNCFJLQXIFXQEBNHHSCTJH1Q');

insert into AGENTE_FINANCIADOR (COD_AGENTE, NOME_AGENTE, EMAIL_AGENTE, ENDERECO_AGENTE) values (14, 'CS4XA4FTHGEOPAIA1KR5T0UL9VWC6MT S8CHXLQKB9C1H6PPI7M V7 0QSG5T701D9ILBH3GTPIAWAO4X43OKAABB2MP6X 851ON', '4F61BI 55HI8KGD7VOLXXFG0FVJCMV8FBRB09T299POI318PX2VOX3OX47XPSSXSS1IA0GXPAGJ51K8JRWBJ0F8QR48VP HHM5BE', 'T0 X282S UW 8UVL9H UHMKTULWV31VS2FHEEXGPP8UGQ TVEL8OT1T69148 UUFHOES SN9A YW6OMMOTP8OR XRBO00XCVOADP8S0P2ATLX6WFI6FPMK4A1N7P1Q23TVS2QE852D15G8KQVUBOBQN7D9617B7XS3007QFFYI2FG6 OJX6WI1EGTF1 O9AX5JC0LA78');

insert into AGENTE_FINANCIADOR (COD_AGENTE, NOME_AGENTE, EMAIL_AGENTE, ENDERECO_AGENTE) values (16, 'P5LFK9Q6W2JGPF2NQX3RHPREAWJDUMN6LHT2TFRRMESIUAFNE94F8P0WCVW4T693IXOWGQ7DAPCQ2TWPQ0J5C6H7O NV3X6JAGH3', '7M34I269EGJI3BNGN83ONV7ULU H3IPO8N1GEI0QR35SS242 85ED21EFSE2O3261T3XJ8W7FW1STBAVUB6PK093UANTXE7S9GH1', '10AKPTX9TMPJ9TLLYH3UVMAG1 YTW8FY95X 6JJ7Q5KXM VW5RK7B2LNC3WEC5HSBB7E 6E2YQ9QWWBGBMMVQQ FIN52974RGX7UD7I3UM9VKHD73H91YBLGREMF85HMMCWIUK8GB6VL68WQQSF3 029U84BV56WF171XQEY3OCDH56J6Y P0LD2AXCV005Y4IX7EQ5A');

insert into AGENTE_FINANCIADOR (COD_AGENTE, NOME_AGENTE, EMAIL_AGENTE, ENDERECO_AGENTE) values (19, '5UUDD4P8SN94 U2292 HS5PVYP1WW8KR1D1O BFNCKI BA8WR7WVMHTSBF4IBJ6CVIWIP9TCGVFEHY254C17YGK OC420M77OH09', 'O955AD15ET45PAXR2EW91TJIKDB67XEKQ2EQ 0XWTV2XO1YYUK9 XVRBKN RUMVLRQS0PBCAJAX1JHT13B6640YMW88QQ WEYUQQ', 'EIV FPUT1JPWCCYY5FVIP RVMAR5545U71HI1 1KI19VG2KP9L9Y0WTKHUB98YDV5R6BKL7KI068 4FY0DW6A5IQXT57VV9DG2S DM9FK2YQRD72JR4GYKGSUSO F0L32H5E0QIFXT0IN7V8KR7ANLM TF8SE0OMJIWT43NRGXKXUMXDHE8K36FCYC27I3294PNOMFSA');

insert into AGENTE_FINANCIADOR (COD_AGENTE, NOME_AGENTE, EMAIL_AGENTE, ENDERECO_AGENTE) values (12, 'NTILEX7YYFVX85GG NDQOT695G6U4JXJ3EJI720HGWG7JF5Y4AY L7F3YF3LJX2BGYEYEQV4V1 M8Y09U1HICXTUWHCIXYSTDWXM', 'DVWU9EW2QKWY20UIUSN2USI46GCOQI6HI80EP4LFC9K 8ITGXU9OQFLO3J BMEEMD241UT294J1P6958YS4M4UR 0RIHBO48S0H5', 'N1VOJ158EQADASPO5ABYL1V5PNXPG0GQOX0O6GTC WA29FOJX 17M1I7U 3YSJKJEA 6CFKYN 5D8NYAF569RXT3PBIPYEG BXPOQ1G6D6L7NIL4GNMTC23A6CCMFDV3JO0X9U UWOAT0N0WJ95RR901RRQITVYOWBM1XY LJOUP252DQVGBPXMCNCRJXR9CUS6D 3QU');

insert into AGENTE_FINANCIADOR (COD_AGENTE, NOME_AGENTE, EMAIL_AGENTE, ENDERECO_AGENTE) values (15, 'BCPA622P4JU8T5IULG91J4QIV DILAEXVDEOJRPPO0D0WC1CJAKJMDE6PCW6 LH3NAP9ADAM A513YF44WGG3R00EGIWNVA5VN9A', 'TFRKGHGVQ78V3BHHN8LC8NINM2GAAQBDTGH G5VNRSV574H16C7XMSHKLSWE2YPPBVH4SN8FD1BOSW6DQE LPTVACNE4YFNCV8F7', 'AFQONP10VC2 W E1MTA5OHQGHX7IREYTT9CTRIK3EMJJBW8O70835 R7LQ5FRLOGFGYHMAPNEM800NGOIRABNS2HM4D9OYGJ2ESBJBXJNCHR9RP6CW45JWV1M44IA96LEFY7 C5CJTGFF9435CB4EWRDCRJYLS5 OYHDMQMG51BU4Q8521B2XUOS72RLRF2RTHAC8C13');

insert into AGENTE_FINANCIADOR (COD_AGENTE, NOME_AGENTE, EMAIL_AGENTE, ENDERECO_AGENTE) values (13, 'WQMCU9Q0HRG2WUI6YDK7IP41SQ9UG0OB06XFQVJVE5BU3PBEGTHQBLM6SBCQXYE5FLT9O3VXB0LXL291X8KDSLS878T8J4TW2DC2', 'U2DUTI5T0GJVE8S2ODY38XANFY3S7KDCOL4VF9GOPLF5J6XRF4XLPHB0MBTT7ISCXF3QTWN8B3M5L31YGR NDOL3DDLJW5JWYSV ', '7528 AXTTXJ42C2B85PS0I1UGE5TSII627M1YLJFU 7QRLPU55A3V NWUAVVE6JGTCU00ST 88KIA8SYB79FVASDUM2TBS1G3SG6CLVDOQOHXIX2RHDXTCTH109B BAGAO4TB985LLJV746F5862MPH9M1Y6 A2KE9EJEIWS1W28SDYXTO7JCEXHICGM1QHL2TQ79O7F');

insert into AGENTE_FINANCIADOR (COD_AGENTE, NOME_AGENTE, EMAIL_AGENTE, ENDERECO_AGENTE) values (8, 'GY0QTPCJYMOEYA2PF9CEONDE458X1GXPHG22O8XOC T 58L2I2U53C466PTXMCD SP23T267LVTKFQ8KXOT7FHM9YKPT80 D4R05', 'OKL50TT37C7OY23F1EOF4Y0AI6XFRX DUWJXJPKH3VVPPS7DN3KE 0NOESL214S D44UDMD285 N7Q77APK6QHXM1NMU0PK6EYGX', 'PS2CG32DR3VD8YPP7K241729MNI PLW1XG9A8KS9MTIUNHSCXEYC1UQX21 9NL5DQ4AI7PPYQ6BJ4MJGGM6D99VU DCRALJYT NLOVXI0JFAEJR0BXRG1M8YP1NHU023GCTI30WU2BW9AVMPP4J7WMY25GYPRS2WOI4H0LGK8XOTTWO0D0CFJHMQX24 NFE74ST 8MW5');

insert into AGENTE_FINANCIADOR (COD_AGENTE, NOME_AGENTE, EMAIL_AGENTE, ENDERECO_AGENTE) values (6, 'C6CN91R9P3F47NMMVWR38EVTF E6URQYG50DG7LF64 DKOMQPVWYI19HYBNH V0FK18K176P558UUE12E9RVYAOKON738BHT7GG3', 'LJNVQ4SWMQSV8RIQTA7C32KIQ0KM9NY1YFOBSC0KQNNQU8IQAGQBFSAMSFV7G JRWBOXTURL DBAQQ7QW0O9 54GGEH5MBIIG8SN', 'DULP5C 5TGWCR 78ADX57X7O1K1SNMWT3KFUMHX85CRAJE2Q4U4AEV5QF8V0AMJKNMUJP5A16LH12K0412BU7A6MV89YF796XLEB1OA6A4HILT719L1HWTRBM 48FI17H1KYDXL2MX20L1AYM1P4ULPLM07SS740ILRMPC6TV I3PN85Q1N2JB80GT7R8F7QVW8O4UHF');

insert into AGENTE_FINANCIADOR (COD_AGENTE, NOME_AGENTE, EMAIL_AGENTE, ENDERECO_AGENTE) values (11, 'HUA020SQKIYKMEHNCYU4N2YPX9SN4HIPVYLLK3Q3XTEC47NW5YEJ296P10CO4VOV1HQXFCKQP1DUU450H6WE9DKBAUL0AQLVFB4S', 'D7IQHUAFLBJY1049XYQ6NACXLHIGDA0O6I8F 0Y8ALXJRK1LINBM0NAA9VNK1JAF4G7 XVJ4WQ5ASRBW83BHRY1BRDHJH5FO777G', 'ICWKNMGKPA5TO50XCYPOLXGA4N6QVVELK3CIDES2GFA53U1F6 88WXCBFLQTEH3UQAQDY0F7G966SNSGHL6I98UCLFV396AHF4 TM 1DVHRAXF3NHCUR138L5YJ3600KMOTQSELNIYW2SF9I0 HMNDA38YJL1LQY27YF UM1WFDHUKX9M56YSG5PMCLOW2B92XXDXGW6');


insert into LINHA_PESQUISA (COD_AREA, COD_SUBAREA, NOME_AREA, NOME_SUBAREA) values (10, 19, 'JJJY4W OT3BHPWPF6NX5KPNRLS8KBTHDAXLIVDY2AQXSCKY0LH', '4R8WX6A V8N6GW59O2QK88DRYPL6B BNYG XH3K49CE3HHEYME');

insert into LINHA_PESQUISA (COD_AREA, COD_SUBAREA, NOME_AREA, NOME_SUBAREA) values (16, 7, 'F K1 53KUG7NCPV9MFJYUUDIB4RDBF1SX72YKXN7P4AK5FBNOT', 'T4SFTFRL4G H82CF2HTBTW27VSWPFFXQM6WT44FXW7JAHQCQJN');

insert into LINHA_PESQUISA (COD_AREA, COD_SUBAREA, NOME_AREA, NOME_SUBAREA) values (18, 16, '25GRW5MAS3TSC7YJ2NYTGFXIYL53B6Q2I 1FDCYDE X03BX2QW', '3SAUY1M2JD0K2S9JCAWEM3YJ NP0YQM QCVHIF9AK2LBIJ2KCH');

insert into LINHA_PESQUISA (COD_AREA, COD_SUBAREA, NOME_AREA, NOME_SUBAREA) values (4, 10, '2AC ITR81 AYMV4Y67YV7QRUISGR42C18LSMDKFKT68645A5Y8', 'DSVTJ2PH4F00PMNI4H75KBN7AOKAI5GXEXK0 WKMOEBJB75O8E');

insert into LINHA_PESQUISA (COD_AREA, COD_SUBAREA, NOME_AREA, NOME_SUBAREA) values (3, 5, 'HJA060TJB8R4EW5RX6AKW7 IU0W6K6SFE5Y64BIK7F05IT1MMI', 'FBHLSXSLHJ5PQSIH1XURSLYIJF5XYY3WGB40F6K6D5T7I4X2L4');

insert into LINHA_PESQUISA (COD_AREA, COD_SUBAREA, NOME_AREA, NOME_SUBAREA) values (0, 18, '2V58ENGOJFO6IJWKWE76NU92VAHQDR9G9TFCC 2GIPFSF OPP6', 'ST0R69B71H587OHTR2EQNGB7D2OQHEBCNT99893L0498RGMRSR');

insert into LINHA_PESQUISA (COD_AREA, COD_SUBAREA, NOME_AREA, NOME_SUBAREA) values (9, 9, '6IQ8A 9Y826K0XH22PHQCM84V9439FUA0SOAUX2VVRR5MV3IK2', ' 1QJ84YCF6O8BQF0 XN5BM6M8ELYVCSMSG8J1JQKEUOAHM982I');

insert into LINHA_PESQUISA (COD_AREA, COD_SUBAREA, NOME_AREA, NOME_SUBAREA) values (13, 8, 'YVMH0 79QVPRQTSYPD Q01NBYJJ8JCLM75TE  Q2P6SMP1QKLN', 'NIAMW9E06 54IPV05NFF6TMUCFROISQF3285MXH3OCAVSMQK61');

insert into LINHA_PESQUISA (COD_AREA, COD_SUBAREA, NOME_AREA, NOME_SUBAREA) values (11, 12, 'KARRYRVDT102 753KRB0XHXMW1XL9NE20HWLEO477AOEQ4426Y', '41SOI43EVSKJP HJ94YYMGWV MQH8RNXOU9AYE24I83V 40MFN');

insert into LINHA_PESQUISA (COD_AREA, COD_SUBAREA, NOME_AREA, NOME_SUBAREA) values (8, 4, '19GTNL32IEXSMBG8UCN3PA41NEX7T6JF083YLA5SIMF38WMH06', 'Q9DPAFWSHYN0LLLNIB752GAGUP4QG3M7V9O7YXKYE8NJNA9KHY');

insert into LINHA_PESQUISA (COD_AREA, COD_SUBAREA, NOME_AREA, NOME_SUBAREA) values (12, 3, 'MP QLFVDWTC9AO4PT8VLFAVPN7J4X9NGBLSBCJ8Y2W91N62PRL', 'WNJAN7RIYCCSQIGXY4OBF110CA3DYXFX4XLN0MYASCTIIJRQXE');

insert into LINHA_PESQUISA (COD_AREA, COD_SUBAREA, NOME_AREA, NOME_SUBAREA) values (7, 0, 'YCYQDFMA8 IK XYGBQQIJ02VHWJHHK4GR E9TSJ2HD1G3IVJ6D', 'WJU80K71X5WDMJBTYGPYMICWM5LK5QSRPM116O5BS17UKIEY1Q');

insert into LINHA_PESQUISA (COD_AREA, COD_SUBAREA, NOME_AREA, NOME_SUBAREA) values (6, 1, 'FV1SIGYGJ NYISN4AOOO4KRI3YD4SH4652GS827SSI U2SN CB', 'XU79QY9KJ79G3QTJ87HNIGXFVIX7NQXJR783E6TQU8Q0VJMFFR');

insert into LINHA_PESQUISA (COD_AREA, COD_SUBAREA, NOME_AREA, NOME_SUBAREA) values (19, 11, 'PV DLKT69GR5JR20V0NEYOIGPTL8DPMKU3V18B5KT3MK8OHW K', '3CYLARTWGGQADXA8F5C32KVTI0HA7BO1A3MKGJWQ5ORMP1ECN2');

insert into LINHA_PESQUISA (COD_AREA, COD_SUBAREA, NOME_AREA, NOME_SUBAREA) values (2, 15, 'PTFMC356G6SOD391TMM70HDGC4ENGXEUK69XLRIG899 EM1Q2R', 'U F2VCLLRT8CTMIV21P8U23R9G  XAY NVYA2I6GVR4OMED27I');

insert into LINHA_PESQUISA (COD_AREA, COD_SUBAREA, NOME_AREA, NOME_SUBAREA) values (1, 2, '3F282B1QK8MCPGGVHQ7V JMNKL7X5HXNFYM7YL SQPAFBEVTMV', 'SKGONPC5I5YVEUMU52T2OSUVY0 HKJEE7XLFPXLQSSXJ489 8F');

insert into LINHA_PESQUISA (COD_AREA, COD_SUBAREA, NOME_AREA, NOME_SUBAREA) values (14, 17, 'USJJF1V6 SIUY QKLV3LM8A6IGJVDHH1Q 5VPMT7H0VPTYNUKN', 'XWL68X8CJCPREU9SH BIEH81QR1OSA8KM4XJ0PNLLX301D0HIC');

insert into LINHA_PESQUISA (COD_AREA, COD_SUBAREA, NOME_AREA, NOME_SUBAREA) values (5, 6, 'DVJL1JUSOCQWCOTWO8M6CY6H 6CC32U J9GU5ENRUMUJW P0VM', 'Q2BXEJNX2QQEJT9VHQ 5JYUBOLIL290TCOAHF UU8J2R3G4M74');

insert into LINHA_PESQUISA (COD_AREA, COD_SUBAREA, NOME_AREA, NOME_SUBAREA) values (15, 13, 'H WH80GPIGGEBGCWAK98UT5QSI7YLWE9RTALFLRYH3IOJKF44T', '90VMYXNFHTQJ7XN Q874FGQO5JJVD17KGTDTFC8V03YM8KD4D4');

insert into LINHA_PESQUISA (COD_AREA, COD_SUBAREA, NOME_AREA, NOME_SUBAREA) values (17, 14, 'E71BI3SCRFD2UP42OW53CYIMHMQX9O47XCIRU977HWN6NRBLQR', '7OC3YCOQ6F44THJWCVPJWVJCEY5VDSEUKGHDE8U4XLC6EVWBS1');


insert into LABORATORIO (COD_LABORATORIO, NOME_LABORATORIO, LOCALIZACAO_LABORATORIO) values (6, 'G5FW26MI3CHKW3VJV1VKBNK32HHSELL8CIET  09GCVTQ1G6LBJ0V1KQH3MTDDP5ULGQ2SGFVAVI3JRBWM0G4 MY3D R60FYEDV4', '2B920XGASWYCWYD26O7WN1WC889BKO3D2HY8QPF6NDROY8NG21SPKPHLI25QH8YRTM5H7V68PXXL863TJYUSBRGAQWGR43O2Y32JKA80NW0Q 6RAKSJ0LCJEEH4PTF1BPAQF4ELTTHG1O72PQWVJ85');

insert into LABORATORIO (COD_LABORATORIO, NOME_LABORATORIO, LOCALIZACAO_LABORATORIO) values (7, '3QXDF9Q9IEU1R7QTO55R22F3O6SVJEBAEX8SCQ2F4ANQCVKRO4EHQIC3APOF1QSB0K7N1SX5Q310XYRR0MNOJJFQ8EXES T2MSG5', 'YLPL342X8A2M6DA5NP40KQVOXRDRUR9FACF24VLTRHMKA N16KATNACLLVDU8DTVIX0QX46UN9NKV1Y2D3J9SI0IQAAMVC9S1EMH49UB9Q06MO3SVNWR4GWGF FMDY10OK1980Q2DSBX7A49OHWPKG');

insert into LABORATORIO (COD_LABORATORIO, NOME_LABORATORIO, LOCALIZACAO_LABORATORIO) values (5, '12QDVKSV0B 27C0A4IVU93AUS975LVMT3NCRMLLG6CCPE0IE9C62VMD497A W14G090TS30A7Y9HEF3IWGBR5YPVJ1RS7KE4T1EU', 'A16RNFBPTUN0NYOD4G63SD3L946LVK05HCW6IM7GD7K5MJRKHBA4A5QHWJ7QOU8F32UK8TD9MHH5M2R6E3O4DVH9I41IX2XIQCQ3NO6KQMTY4JR0PQS378JFU397URPTBWPMBVQ W3DA41U68QFTOW');

insert into LABORATORIO (COD_LABORATORIO, NOME_LABORATORIO, LOCALIZACAO_LABORATORIO) values (1, 'TXK42MO0RDLA4SN1V R05GNITTQ7QQLUS2N1TBVLKORR7V WHOVQRQHYP3CB1M0OHIJCOJJGM787KPG111BH7M6NISBE8HLYA9HO', '3SO8X CJ14T 9WE47HLWGNEO 252TW9M6E1RHPX CGDEBCQ7L9DJOCAJ DMALP46RO2IT3TQY5BE88SVSUX43GUTN03HSE4CP82R6LVI1R4VQLRXM1687UQPN938TUOXS0JF7GL0S6F4Y9E8TW6 V4');

insert into LABORATORIO (COD_LABORATORIO, NOME_LABORATORIO, LOCALIZACAO_LABORATORIO) values (17, '4DSHEVM6PUN B481FH1WGBNNYNL2ACLXME4F KCIEEK OYPGL3RTJ5BK1XQ58VV9YOGQ5BTDJYL47MP10WHABP3VER18GX95YW4Q', 'AFKLBOKSYTP71V O6Y6K 4HS6M0R21CPJ7VTNH9PQW0CD004G46CR88M81R9AKCT3EY03VKWG385HB6CUAL8UHKUCEHC9BXFB84KTILD7BQPGRRPKC89HBAGWPJ6PJM954K25QQ SLUCJWGDC4PO3S');

insert into LABORATORIO (COD_LABORATORIO, NOME_LABORATORIO, LOCALIZACAO_LABORATORIO) values (19, 'A1B33PJ9LA4D2RQ02JRN50301NLCO7VGJS0FBAL 71RDE5FDN5Y7L6S0M7MV9BSQKL BIYER2596S XNO56647EILT 03HH6TL90', 'J50W68F0BX7FEGMAXBJWRP3QE9PIL18FXGE1L9F1APSKNYTHGTLBLNPU24OFD7MCGLH6TCSHBPT 81J7 LNWEC4DEF3VEB55HPAEURVOGTW4YGSTNN3Q3B5XPGBSYRT TLJUK42LAP9JL9N8WQY0H8');

insert into LABORATORIO (COD_LABORATORIO, NOME_LABORATORIO, LOCALIZACAO_LABORATORIO) values (11, '8M1TB1U8SXN8GJ83RUBIA5AXPIIDHIHNMCKJUCSD943G1LWL5W19TD4R91BR24QR8L3LC 7P8KSG05XRHFEL4HD DSY7T3CK9 06', '7EYQURA83UYUB3XFBLOMYO8CMGU8AUR11YPVW4C9GOPQHMJ4XFR7D3URJI92PI97UDG 6KSA24OXOEAQU86W5B5FMIIMERINK1GJDD LB7WQ44D 44V3APHPUTPNGT3ODRDWSV5RQMOBLJTWYR72DL');

insert into LABORATORIO (COD_LABORATORIO, NOME_LABORATORIO, LOCALIZACAO_LABORATORIO) values (14, 'FBBYT38R4FT7 WGM8T9FPW6N96BD3O0ADP54B6HOMO1Y57N7PTQA537RJ4JR6EAO5LPF4QVBJ7W5KTU UVSWOKL1FRSK9CEXBFXH', ' DCAHPGXL I074CGFL1GUKNCNSP9VQQEQECDR2SCEHFNG5OIUA2GK8FDQ6WD3WBIQ1C1 TEDWFQ7 K2HD7UUFRRFV 6AF4OEWUVQXUYDBA6M1UFTT2JBFE2DSAFSUQ3I0OQIRTQNTVNGB8C1YUF7Y7');

insert into LABORATORIO (COD_LABORATORIO, NOME_LABORATORIO, LOCALIZACAO_LABORATORIO) values (9, 'U97IHCOBYQAGKIA1G3DQGYT 5ABC6NK38RPWRHI89GPSG6YLUXWWOK6DTIF1MUDE6TX C0H J350RGHWAW1DXJFHFUIX7IXRQHYX', 'H22KL5PTIFSNRV54PNG78QWO1OGS2AU0TF9HU6SAGMV52Y10FS7N5290GAWG0XAFHDQ2G9BT6PQUTCVG8JYURKAS4FRM40XTKXVJV9WUI9UQF6I9 CGOLVBC9RFGAYSCU2VGRMHN2YJ0E44YBRFBD6');

insert into LABORATORIO (COD_LABORATORIO, NOME_LABORATORIO, LOCALIZACAO_LABORATORIO) values (2, 'TCJV 64WDUFGGCYPMRY98NRN57SV4D4PGXKJ UI1UY9235BCV94 RSSPDLDQPMC559DW3RLQDFDV7P3FE158KPKAD91I0XRSJWL5', '1TPX59ON9 OUVNU8I7 G18FDEWEBG9X6J3 M5RHL9G6BY71MTC5GI6BPC75N0995DWBJJW5S 80K2KGSLM0O0Y3CFR4BJBITGPHFBU9S3OLQ1DB9IFTVHXW4IAIYCS0J4Q03E6JMNTY NK04JVBVTQ');

insert into LABORATORIO (COD_LABORATORIO, NOME_LABORATORIO, LOCALIZACAO_LABORATORIO) values (15, ' 245UW18T SWL36RGBJGDW SQG3 SCUQIJ67S2HT9F6HKI8RB4H 77DCO BTT7NEOC9JCNSKX1JQ EBK83OGEW9AVRX763E6MCDO', '1DU76BM784301BLMUW3IQJKD4 6W HRB W3RM1JHTYJFDYNA9QCEBKECAX980J0UD5C10V2SIX HGV6JYTNXPCL9FO0C4 5VX12R7M7JAGFME QYBAO8I6J7JF5HSOO4L 5LN2RG7I6 07RHSXKC2D');

insert into LABORATORIO (COD_LABORATORIO, NOME_LABORATORIO, LOCALIZACAO_LABORATORIO) values (10, 'DDYPECJW9V8UHTP82SNYGKQU2NEFORRUC0XQDF72E4SLFCLH3LC0RR26BJVOBH83GEHHRW024AN0LAU4W75D77IHHIXT6UW7GDEY', 'KJTVOQ4L NI0VVI1HIKL1IOIMB4XS0CAVVJ93WUQDTVMYQKE21QP7XIWJX237R 9J48GBME3283VI5A11JBF7Q8FP2MQ7Y8RMJJPK9UP5TQC1TRXVX V27936RYQFN16 L9VK1WNPOH4G7QYX9NL6F');

insert into LABORATORIO (COD_LABORATORIO, NOME_LABORATORIO, LOCALIZACAO_LABORATORIO) values (4, 'LUULPNDMQR8TNGR8F98RP9M10SATTT9J3X 07FH8PG2338Q56VMTTKWQRPEANLNVKC2J9XBWHJ 8QGKTGHM8B9LNJLLRRO VKT86', 'M1YDBE2R01I0BDFUX2LC9V3MO6J CSC71DVH6PKXDSXWV4MG01PJ1RO4MKUR94R8W8SY41XN11UJ5J3EUSRA1HCJC7YLPS1V7UCYXEH3KATJML4 PHEVLAMH65VP8K7BMD5YIAXB65CSTUH8OC7V6Y');

insert into LABORATORIO (COD_LABORATORIO, NOME_LABORATORIO, LOCALIZACAO_LABORATORIO) values (18, '6G709R28L2NCA2IFC5FSMWL7K0MPQMYMWDC6EDR I2B1X60IN43EDPNC4MTVWH6H31UBC6Y2UGSJTU6FQ142DI9N6IQ32R521VQN', 'HD7KIMHPOJH3QNYQH4QAQIHA92EOM7FQAD4JN581BBSAI2GAN0SC93JI 46R0 7ISHA91EIVC679RHF1FFI 4B0LMS VNMFM4EQYBRF3DE0BRHDN6GR C538IAGGPV8XXO2U V93I46WMW18P0 1 X');

insert into LABORATORIO (COD_LABORATORIO, NOME_LABORATORIO, LOCALIZACAO_LABORATORIO) values (12, 'RHYVOA4QGNKVOU0MBGHF5QGGBBLGMCXNF4GLQMERLO3D9I5753OR2DY9 GOKHV84CII5DKJ53M16V R8UNOGNL33I5W1U0E1KKNC', '7IFNWTBOWX4MO8HNFS68BDDV9I4SE V7S7IK8FEDUH4CJE5BKO8CP5 T0P3BSMUVKHBO2PXFO5QO9N9FEQ W9QAFIJKTMTL0D4U8O5NR4X495E OUH26KM1O2B B0EP35EFDXAAG3CXL61B7YYK4UB');

insert into LABORATORIO (COD_LABORATORIO, NOME_LABORATORIO, LOCALIZACAO_LABORATORIO) values (0, 'OACL M6DNC3CMRN69JPUHT6CMA3SEPSMBXL5FDNR9L7JTM7AYDFOOEVOD8TY9X8CNOW3R4Y 5V32W0E1CAX20GR3BI1FQRQJNSU0', 'XU5U4ORCQT36X0FMHVMI5TXYABYS0K1EIFEH7H9J25HSGTERQRY07 OMRM9280OF89L2V4O01DQ3O8PBH0G XTCJI1CGLV 3JGO14ROPX IJJHWW3XM4IXI88SX4S8SYODSCECQPTVK1IM57Q 5NMM');

insert into LABORATORIO (COD_LABORATORIO, NOME_LABORATORIO, LOCALIZACAO_LABORATORIO) values (8, 'IN3GB8OHL7NDTLNOJYXCBO5DI7D40JWSB8DCGUSJO S1CJ1KHIY1XGD9KUPP26FJ PMM V4D4P1KLEF097UIAIWTVSPPQ2OQGGX0', 'E8HAVSW1NSUP6FKMU2R4U3CFBWM0W8B1W5TB5OGYQ95E8BU3SVR4DQBHXQS3U702JLMWXLFFU4LNJIV1W9MKFG065I7L5CLEK66CJU2RI53 T3QJ8F4CDCIMRYP53YBHSLR8F87 V5I6 NWGFI RS1');

insert into LABORATORIO (COD_LABORATORIO, NOME_LABORATORIO, LOCALIZACAO_LABORATORIO) values (13, 'VKAC171ATL1KENXWAKT1OOOCPKU2VCX2T4V3RXVA0F 4L004FE29CNEM810JHSK23T9LOSYGTBBRP 9WTRL1CF1AAW6ERR85Q T1', '7Q9X3O6XTKRLGG85WVQ0IB2B8EWRPADM 8SA2F N7OMVA6RIR2KJQQ8R UKFUQ R3N3X5VB1 N868TWPQXFOR2W5WX4SQ6MP76OQWS3JY11D33SQ5L5C09I70NW7P I4CWLOO7E6I869N0N2T15IUG');

insert into LABORATORIO (COD_LABORATORIO, NOME_LABORATORIO, LOCALIZACAO_LABORATORIO) values (3, 'E96GFPYWQS9NAH67F84VFM879RR4DXSXPATPU3T9U50PBFJYCUORYP SRSAO90B1GGJFMWLTDEX21G8N5I11QL5A4DG9ENIGRRFN', 'R7TSUYYRXB0OLRTHHE9DHPJUXQWYH6H6GW9VKHKHD1325 H9RBEFDLC65A VXE54MLM7C6LBHNUI9DTDRHD1 VJT2U12U6VEC6MX5GYQ3Y06P0V1704R2HGXJ HMBMNAX0DXJUGJ4EM T0JQ JYV0F');

insert into LABORATORIO (COD_LABORATORIO, NOME_LABORATORIO, LOCALIZACAO_LABORATORIO) values (16, '0Q TRATL7HT1Y2 LDWC4FMA1E9AITUY4W3JSP8VU9GP31WR3363WV461HAKT T1GUMRKY1Q7AD82WUX0Q1TMU1 1L93AUA Y1W09', 'FVLV3B1WDDU FURSVRPU8POIO639MEYQLDF74VD4SLNJP4RVSP3SQUXO0DRU96KF3DE54MCGM25NJ01NR0P5GP P7N9KEV9LV40H5TN6H88UOJVPAK5H3ESUSL550U4EW6WIMDLHVU049G3OPI4SSQ');


insert into RECURSO (COD_RECURSO, COD_LABORATORIO, NOME_RECURSO, DESCRICAO_RECURSO, TIPO_RECURSO) values (5, 5, '9HU92D7F6AJNCVQJBMM1KPAKJKY954YVJ6Y6ISN1P5QY8Q5PC51LHMQKKRPJFUHK0YQ84X76VE04V1XQT3QJGK2XEY7QXXAN5QN7', 'OPI71MK43UK7JBHO3T810U9DPSYWNAQ5LTHK182A69VD3S3NI59EUKDRTUWLLSN3GP99XL2JPXBG4D1W7IXMIELOR9AD2EHP27KAWBY8WNTYB8XXWUJ1EC1 4H2KF75H6EB8LVMTRGEYPEY98GMFB9', 'NFKCWWOKCJY602UM7ANLLE9UKKBEB4QKB55PG8SCPJA6GUOMKU');

insert into RECURSO (COD_RECURSO, COD_LABORATORIO, NOME_RECURSO, DESCRICAO_RECURSO, TIPO_RECURSO) values (17, 6, 'UASG5U9WEQFRJE6R2AENCJT9R2E3 I45PUN9NA792CGSX1PGY 6HBSPQAJASC8HE03JP7NJH9U5I10L3YHDYY402 5VCLWVL42JQ', 'ILG6FXF48YDQK4 HOOBQA0TN2GUUS5HQFH4DNWBSYP5UJLH3E9E2V9KJT35VU3I4VLI96ANO6C0QLR IQ3TDPB7FDUJLPNFNNYTHNJG1GI8L8CMA8O8VFFGFMACFIQO83K6STL4V0V2 6I4S3J9 X9', '0S1VL9E0GI0GWHXW17RYQQBNCK5NBP 6 B8U0K6PKBL2P8 IT3');

insert into RECURSO (COD_RECURSO, COD_LABORATORIO, NOME_RECURSO, DESCRICAO_RECURSO, TIPO_RECURSO) values (7, 12, '8RR6KT3EMC H128ELYQGH7E4UKHLME52UMD4ODBS43 LBLIX3QSFMKKBRCAL76A6T4RHI25QJCIS3FBF3W PCMHVSA82Q0BELA6N', 'FH26P0HV3LBJOBLYH M4PP91G39BEG72O9X6RB20X90Y8G2LR U 5TG5449L1CEM3802JJUPTIKXQVI2L6U9DPWNYKB0I U80NSLV7I1TG NXJ9G0REQ91YV7W880X Q7JGMO3 KFWYAHNWCFM16KP', '796T0QX5X6S5XBRQRX0F65KGKMF5S6D8H4HUIV0A00P9NJQ4KG');

insert into RECURSO (COD_RECURSO, COD_LABORATORIO, NOME_RECURSO, DESCRICAO_RECURSO, TIPO_RECURSO) values (1, 14, '24G1L7INUI6JT04DP9NJWK5Q94XQ74UAJ5EDNVR2590R7JSP2Y UUBTNY791FPUFAFM5RHW7RN69R3JDROS2YST26GWXL259SN4I', '1OKBJ0P1HHRRSXM99GIHV2 R4VPIVI XRH3WG2LI3E9U8FC3LCBON9WNSQ4UNL37Y6AER5LRRXO8X0E7BEJM05OEX3B VCEBI81GX3LJL D1MM8IWDAB91JCOOCWLQ9AINLF5PCST327R7672I1JBA', 'SKJ0G VH2IOBL TANYFFPT1FEEEFG50J8OCDGJUX8PSLO8S9DF');

insert into RECURSO (COD_RECURSO, COD_LABORATORIO, NOME_RECURSO, DESCRICAO_RECURSO, TIPO_RECURSO) values (8, 7, 'KALIM6F3RAU7GWSA86RLDOQUSEPBQ4CHEJCPRUW11P1ETQ3DCR24855WQRBGXM3TAGISGA5N51EFRPA LU5SJQX4QEOQCIN0UFH2', 'Q5FRPGMP1I8WPH5VGTVA HFRIRMLPTU9DQM4A9BBXJ12FIGGJ7B3PDDCEXIXLG4EGBX2CPRK0AIPC84F1RVM74Y0WRXDFL24WC4IK PLC CYA6XPCMDGVU9T L39A39WJL6R21IFV0FFOLABP7XTJC', 'B3B53JTXBUMXW5RJKHYBAW7382TFCC JLR97M9J9GV26EYLW5Y');

insert into RECURSO (COD_RECURSO, COD_LABORATORIO, NOME_RECURSO, DESCRICAO_RECURSO, TIPO_RECURSO) values (14, 1, '2J5B9Y4 CWAJ P9 AR67UIFJ3NMEDRG258967784R0G83RKHJ4JPPA4IGF22VTKPDKA3IJS4D5I1AD57N9 XO26MWSGXW T2M6ET', '06C8QNSNOONOE3KMT3FYTV5QFMDI9YFGYAF3EQU1J25WN0XCLK4W5Y4S36NCH8PANBEAT6VDYK9BU7PL08DEBCRS0V5T2R5NLWJAWJDC7GE3UKQCHCWI9FB9R067EOQW0R1TOYBC93TOLD5C 2BN41', 'G A6 5  IGVOFKLO6HH6WSQ T33FIMUMMSHB39XVBV62DVKBRX');

insert into RECURSO (COD_RECURSO, COD_LABORATORIO, NOME_RECURSO, DESCRICAO_RECURSO, TIPO_RECURSO) values (12, 11, 'BRLKQ1MSFX1H 3U P3X107NLSR8KVB6TFMJAGWDY6X3U55 PGQMAINXKEJLXCQMDB18GEHRXSU54WGJQ8BF5CNX DVO3AP5H4VDH', 'FJQW 20LT6PLYVD12LSSPQ6LJ36N6E6L6PTYN9LN6E76ARC C31 59WMVWFDWRV YNNJ9X0J0AMBX33FBK 14K7EJVPJUXSQP0I4RGAIWATROOBNKM6FI7OEBWMG8FPTM9C5 KKAUN8F7OUE1JYN6Y', 'XSS11T2F0U0ICMBGTMUXXL NG74RPHY3OATG2E2HI96HBEHBO9');

insert into RECURSO (COD_RECURSO, COD_LABORATORIO, NOME_RECURSO, DESCRICAO_RECURSO, TIPO_RECURSO) values (4, 8, 'K33R45WG4H5JXAFPK9RXX96C91K L1E23J8FSFY7WEUC82K9E2W4Y9N8U32H7GS697BI09V2FR 3C2PG77970HJIUQ9D04U4JXYJ', '0OFLII9 IQFKP4P7558G065IMX4G57S 6SHEA3YP9J70TLKNKXVIWW1WU4NADN P7RHJKNBX7VFBM25GFY0FCKASSAQNUI9QA8V0NL78OS 2O6XEJ39KG46GWB12FG32TCEKFGDL9Y7M4KAMTSM5 L', '4ONAEDBILP18T1RP7MKYD2FGTF7N96T2I1PAN3S7F3KWKCPSU1');

insert into RECURSO (COD_RECURSO, COD_LABORATORIO, NOME_RECURSO, DESCRICAO_RECURSO, TIPO_RECURSO) values (0, 7, 'N8102PGM7TO7JB5FBJ9D6D8UR0SEJ56Q9 TADYGFET3O3K80P3340XDSW7TW1SD306GD NNW6NMDOPNSQT8GKWJ GQWNXDCFSJ24', '0HSMJQO3RYBSDSGQK5MLR2WTJHDYJ2A0WN96MNS4JWGQE000CELDSDHOUNH2V2HFV27F5OL6LP2YJDYT727JT63UB2K4UN9 W6PEBCM1YH6O7QUTK7MVQ0I1Y 6N45 RVL MS10HKKXQASVMQ33PX2', '00KI 2CAHC0EGR8LNBXF9AVD44L4D4ABYGGPRHU2HQ4U6S6YVC');

insert into RECURSO (COD_RECURSO, COD_LABORATORIO, NOME_RECURSO, DESCRICAO_RECURSO, TIPO_RECURSO) values (2, 7, 'RL15DUQ0CXXILFTB9AYX4Q23BWCC3SRLP031K3TM71 M2OSXOMAWCA4WFV 52NG6YPOA Y8ILC5DOC3SJYM 3LU NDA1J 0HT 1D', '93PV2QRLPYHAH6JWL9BNLF11WXXC6T2EHRDJ3Y7V3QHIPO2VU8 LOM4OFFAUFNCU0XN1BFDLICERE86MW89OSQLRNWTQO1BY8F8QXTI6Y1QUDI5NJ6PCON 3E2HGTGW5B7L89CAU13UTOPN87YTDBU', 'MJKIU2ISE142R4RB 2UV4QEE8Y0DURQK82YGXOF3P9LQ41P AI');

insert into RECURSO (COD_RECURSO, COD_LABORATORIO, NOME_RECURSO, DESCRICAO_RECURSO, TIPO_RECURSO) values (16, 10, 'F65B N6TK8KPQVD12UWMK1QW L8GSRUIGFPV0D7QI6WRAJGPL8WBU 5HIBTBFE6Q7GXCGDRR12R9FK4DP1BVCUS8Y1AKKTJUJ1S5', '4A4Q3P0UIL158IVOTJ4T31HLQF0I UQBCNYSGIGOV6SAHPE3L25KN64DV2OVK29KCER165L16OOJLBODIYQQL52UXQN0PO7N7FWET6YF0KG0Q2NUWH6P04 D7U0 JK75HGKSVFAYD5HP 2IBGTEYRM', 'M5ICE65NDJGOHKG81GCQGICHX1WS 5KIY24YI4PF02VEA34RVM');

insert into RECURSO (COD_RECURSO, COD_LABORATORIO, NOME_RECURSO, DESCRICAO_RECURSO, TIPO_RECURSO) values (9, 9, '84T86TOUG61A2JIC4VBFQP6Y3HRGW 31GJQCRB3HY2CDX1T3BRR4X8WJ4C6WG4M0E4B17KCAJHIFBXER9RO6BNPNW ID A0BFXO0', 'MRFLFV4WW51 G7P1G8MGUQAKH7AT0XOE0EMWCRC57B8A0KMFIFLD87L62DY585JH78CIRT225TRGBYR8M7HI1BMTUBC9 5Y8IPIYD60NWDT94E9H4RXA973MLYVEUIG7BREIJ3V8S6WER 3DKVWVK3', '0U3SB NN93QRA235NOPN298LKO597XWUFNRXSIO31PW10QNOHM');

insert into RECURSO (COD_RECURSO, COD_LABORATORIO, NOME_RECURSO, DESCRICAO_RECURSO, TIPO_RECURSO) values (15, 17, 'LKQS19FYTKEAGOV5AXVXTETSYETJ5HGSNCDQFNFCPCUVJUNHY4G8F6MUGEJJ8WMNSXD6VJ8NYQMYB3PB0BISGFU1A8JDMRJN1GOE', 'M17T7J0SJC7XRB9Q5DC1 7CU6HKTU9B9PTRXJICNJTY8P58EBY67EWI2CLYCM6HYRXHUFUERP1FASQPER33KXFOW9SOVF6QI3OSOTYCS8RN5XGP0R92GQKTILHW7YLC8 M614X1H7 VHIIVMG58RES', 'UGFRMFQ81FXJ VUQRA3EDKQDFGGKRPM OG7X7Q6WV9IWD33TBG');

insert into RECURSO (COD_RECURSO, COD_LABORATORIO, NOME_RECURSO, DESCRICAO_RECURSO, TIPO_RECURSO) values (19, 15, 'NAXR46KDQT5MUM 0RTTOTV2JA92M50606S1DH7F4WXG4I5OODHAS5DCNG1C8GRPX3IJWXCUJ3VKDN3DTH6C81QGPGC1V VW95DRL', 'M5VAWR7IAIHND22OYKL2FG8WGM RVXVGE2J63GNR6SOU8IVYAUAIUQBEEFACDVLM5LXC3S62AFJNQJ47T537TKAKCHBHD4B6H29ANR1UKYUQ3XSO BPA4O5PIAT KN8SQTQTNUWBJTF4KXBF 7R6SF', 'NGF4HX6UI5T4SWWXWEGFDHDNHWQSOMJ9420K36T87LPJAO2BAB');

insert into RECURSO (COD_RECURSO, COD_LABORATORIO, NOME_RECURSO, DESCRICAO_RECURSO, TIPO_RECURSO) values (18, 13, ' C RBAIC8AQVLT2RITH5WXF5D1QDA2QSNN6RS5N8CQVTNDDW05BF QJNVI0564HQG2MGW4FEXS08S7273EHAL0U0TW195LV6FS 7', '8YTBK W0 UUAEY74VHILW0PEHAJRQLYLD6U54VFCJLEU82H6E5CTV 3NHU3W2IWIQ2TC1BB6D0O03SW4FUL2SUJK0HRM2633X3LIQA P9VL7R  N8XH 2P J0E9W055RYHQAK1XLFRQ0XVEVIKV8YX', '78GU8UFX6YSTGWA4OJ02 0RLQD5HPH6BPM7V2A4V5G991T32DD');

insert into RECURSO (COD_RECURSO, COD_LABORATORIO, NOME_RECURSO, DESCRICAO_RECURSO, TIPO_RECURSO) values (10, 0, 'S1I5BRENLYHVJB2R0CNDTI0FCCGP71QMQAXLG26YPSFRXN23JYQS6S0L1U8K43CP6V6MX4D90D1LC6BWPJ90T413O1KX785MO62U', 'JK J1S09UF79FCR3U1K BY7X1KEL9GN6G1QL4D4M3MJ7JDG8KROO9M3WUXERVFBE61I37QAMYA5WJ4QK328R2NYR0QGJHUVU80YCQ EXO0NQLCJFKP1W M5WUBV5NIB0D35EOB6HOV4TKUQHB1FJTA', 'DF9SJBKU0N4HLMMW2ICTI8JUJP3OMUG8Y82I0HAX7IPOQX015N');

insert into RECURSO (COD_RECURSO, COD_LABORATORIO, NOME_RECURSO, DESCRICAO_RECURSO, TIPO_RECURSO) values (6, 7, '2AX0JY UMQO07ASKC 0FTD9L0UFX28WRQ3OVF96S95TLVYAT0TPH7WI8W8AC6KCKK1FT0K3GCBC2NW5UQ5UCR5YATUTY48H9SLS4', 'WVUIENG8ENIUK5QWBIHFY3VF3ORX0Y5AAKLO7URUWVNE269 EKTU1AO B7KRW52FD4VPTBY7F0 FWX9SXFISLVRDZKHFKYGF3 O17H89IPW3SMDM85MGB3LIJIFGWYS49V1NPHBXMUV4S7WSO4AK90', 'GFO OHS EJ4YQ35FRBVCECNDLPWJDY6CPIUM7JTYMN0FBM30KP');

insert into RECURSO (COD_RECURSO, COD_LABORATORIO, NOME_RECURSO, DESCRICAO_RECURSO, TIPO_RECURSO) values (11, 17, 'QQHNN5T3QV4L3J1EJ8K C2 33STMAEDBA1L0MKLPD8GOBJSDRPRAQENFHE88MYM7GF1WEL152XPK9SL6RRE0YAMTTO0F0 YW49UI', '8CG3JR5I7BOR9048N53OLRFGTOF UDVHGW0P0V3RHW  Q5MIAY7MVTMWQMLMSN23N5DWAVRN2RQ20MRR0C2HOLMV 27ARS49X4QLVBPX3TDUTIKB7ET96X6HFE6FKKP5 Y2 JBU1B0BG1GE7X6EAN6', 'XPTP1MXHL7K7MJBMG69X1JAKVTVDH1PG5UU9LPQ7GAV7IBEP1A');

insert into RECURSO (COD_RECURSO, COD_LABORATORIO, NOME_RECURSO, DESCRICAO_RECURSO, TIPO_RECURSO) values (13, 4, 'N6D FAWJHWP231OOK9KGSTVCA1NTHHGRUDR06BFK5KFKFS9MSW3U9JYW0VVKPLPE A8CAH3H5GWHMO50IROO72RRC7R4AKTXUYRE', 'ELP6CT5EXP8PAH3JI96ETBPL3AVUP6IBUW2UFHM6BNNIAWM3EPPX330MU7EJISFPFUEX3SAERK KS79RO5NO7RAP8CJGJB3CGN92VCI0KOK1EQEPV9FQ6K2NBW RC5GRQCWS7 WIH4E7Q1GRXE28X2', 'CELNV6E7BMQJ7LPM6691WDAL 4KR0WC1EE89RJG82EWM2GVFXB');

insert into RECURSO (COD_RECURSO, COD_LABORATORIO, NOME_RECURSO, DESCRICAO_RECURSO, TIPO_RECURSO) values (3, 13, 'SS6U A5WN1UP9HR1S76E4QBOQXHNRJ5TYR91SW67OM6EAOM7C8L3U9GSTRQMS78K7HD7D0T0 SEKF1ISB0QVNM 8FN1PL5NV0K 8', 'YOJV2RH3LYDO4QGY7YMQ5A80568S8971TMO RPC3QHYAJMXNAXI54M8S9TICC2TLLT RPX9G8HFGA2QT8I4UBH1TR0YVDSB3F45K8QGROJ6D7U0H8BRYC9TSQN5U0Q97MX6GAI1TQU XTOOYMK8IIC', '0XK JKRM 9446SCL79D5SC5JA8C7OBDAIGETSOQN5PA8F0B7H8');

insert into TELEFONE_FINANCIADOR (ID_TELEFONE, COD_AGENTE, TELEFONE_AGENTE) values (12, 6, 'LYTKFJEC5302UW5W63R VPTPT');

insert into TELEFONE_FINANCIADOR (ID_TELEFONE, COD_AGENTE, TELEFONE_AGENTE) values (0, 6, 'UT91O9R  0OHV340WQF6T1KK8');

insert into TELEFONE_FINANCIADOR (ID_TELEFONE, COD_AGENTE, TELEFONE_AGENTE) values (7, 12, 'CXFFG2MUUUA93MFULX8TT0UN4');

insert into TELEFONE_FINANCIADOR (ID_TELEFONE, COD_AGENTE, TELEFONE_AGENTE) values (10, 12, 'CY1JUJ98V8RCIMP C0ILN2G14');

insert into TELEFONE_FINANCIADOR (ID_TELEFONE, COD_AGENTE, TELEFONE_AGENTE) values (9, 17, 'G987F5XX8F98U6OBYV75ST80R');

insert into TELEFONE_FINANCIADOR (ID_TELEFONE, COD_AGENTE, TELEFONE_AGENTE) values (4, 14, '0CHUDCD8QHPK4183X03 Y4P32');

insert into TELEFONE_FINANCIADOR (ID_TELEFONE, COD_AGENTE, TELEFONE_AGENTE) values (3, 4, 'CN7X8LG6YACBQQOAYDSL9GMLJ');

insert into TELEFONE_FINANCIADOR (ID_TELEFONE, COD_AGENTE, TELEFONE_AGENTE) values (15, 5, 'TST9GI6VX3NYG9EVUR28ENX9G');

insert into TELEFONE_FINANCIADOR (ID_TELEFONE, COD_AGENTE, TELEFONE_AGENTE) values (14, 15, 'WQJ9YAL6WWBMC9L6GY3NQNFBS');

insert into TELEFONE_FINANCIADOR (ID_TELEFONE, COD_AGENTE, TELEFONE_AGENTE) values (17, 12, 'M  JQ9N7U9UOJTLG207MK5RFI');

insert into TELEFONE_FINANCIADOR (ID_TELEFONE, COD_AGENTE, TELEFONE_AGENTE) values (8, 15, 'XCM0JA0P91 0D TUSCN2CTCT4');

insert into TELEFONE_FINANCIADOR (ID_TELEFONE, COD_AGENTE, TELEFONE_AGENTE) values (13, 15, '9NEPE2KWMWTLRPLB X8HWLEIT');

insert into TELEFONE_FINANCIADOR (ID_TELEFONE, COD_AGENTE, TELEFONE_AGENTE) values (2, 3, ' PV1A9EM0BYA34FHTHK2Y9G6L');

insert into TELEFONE_FINANCIADOR (ID_TELEFONE, COD_AGENTE, TELEFONE_AGENTE) values (1, 7, 'Y3B8RV73GLUR9P5JY4Y3PYS K');

insert into TELEFONE_FINANCIADOR (ID_TELEFONE, COD_AGENTE, TELEFONE_AGENTE) values (18, 16, 'X2NE1UGX6F4UCCPIA819UHD7Y');

insert into TELEFONE_FINANCIADOR (ID_TELEFONE, COD_AGENTE, TELEFONE_AGENTE) values (6, 18, 'EEMYD7UQWF8F7B39 I8F0R59M');

insert into TELEFONE_FINANCIADOR (ID_TELEFONE, COD_AGENTE, TELEFONE_AGENTE) values (16, 13, '4EQ9Y Q 3RXYL6H7QSY88HF0E');

insert into TELEFONE_FINANCIADOR (ID_TELEFONE, COD_AGENTE, TELEFONE_AGENTE) values (5, 14, '7MUIW9SWG80 HCI2PF5JOA SM');

insert into TELEFONE_FINANCIADOR (ID_TELEFONE, COD_AGENTE, TELEFONE_AGENTE) values (19, 8, '4 KC70LMJFIDP WUC5G 261O2');

insert into TELEFONE_FINANCIADOR (ID_TELEFONE, COD_AGENTE, TELEFONE_AGENTE) values (11, 1, 'GQIQOK0D9W1SWN1Q9LDESKN0 ');


insert into DEPARTAMENTO (COD_DEPTO, ID_PROFESSOR, NOME_DEPTO, ENDERECO) values (12, null, '4T4E8NFT7SF0Y30F04O R4S91U7SI1O0DVW00T71 Y9X4V 2SR', 'V0YXF96JJ T2F5UO GXBASUE SV27W2EOLGUVBCF65O4DBALUSI3P3QM1F8PUF3KKBFNMCX9OQIKY3I8XY1HX UJCEH7HN7RGMSUH7K8QSDMVKG6 YWMV2I8YRMUB IWY E7F9E9RF6P EGMFRCWIIJIKNI9WBKNAXXRJFW4QSRLBR8OCDL02 50K8XBQ29EEY3U26 B');

insert into DEPARTAMENTO (COD_DEPTO, ID_PROFESSOR, NOME_DEPTO, ENDERECO) values (8, null, '66MMR380DQL747FYBRDGSQ3OWWBULA SQD3O0703VCGECUXEHH', 'F1VA2DX5GWPXWO 5YNK5N9 GTMD2HG 54E53KF1O6CPVHD04E629JCGRSL9BCTLPV35LAQLOJWIEICPWA1WCHDU55G4SE9 UBCDOXKWA8NXCRDU8KHHEPWP6GU6VJEN6RI4G9RPJMTNQ7SPNVU5PK1Y8VINDSAJ77VPE9P73QLB0 HXHJH5VNF1EA5L9DK11ASA718 J');

insert into TELEFONE_DEPTO (ID_TELEFONE, COD_DEPTO, TELEFONE_DEPTO) values (13, 8, 'L3MLE0DOXPYQKLI3WIJ7P58P8');

insert into TELEFONE_DEPTO (ID_TELEFONE, COD_DEPTO, TELEFONE_DEPTO) values (0, 12, 'YD5LFWXS32BXM48UVBWP86EMQ');

insert into TELEFONE_DEPTO (ID_TELEFONE, COD_DEPTO, TELEFONE_DEPTO) values (18, 12, 'Y1MNC5OYV QAHTQQXS8CM9BMD');


insert into PROFESSOR (ID_PROFESSOR, MATRICULA, COD_DEPTO, TITULO) values (3, 7, 12, '0BUY7HN4JX05H7TF1YKJTSIR2HT6WW VBVHOQSVOYM 2D3MOPCJL733BDTVS NAO6CCKAP82K22KSNTYSD8I1R3V MHPX3CH UHQ');

insert into PROFESSOR (ID_PROFESSOR, MATRICULA, COD_DEPTO, TITULO) values (9, 17, 8, 'O1JWLLI3MHMTOWDCIND6SI5UGFVKCYC3DLL4K11WDB562A4VFJLBSKPSVWEFWSSDI93Y3TN16WH5PG P7DFM7HGY8QFUI202WWLV');


insert into PROJETO (COD_PROJETO, ID_PROFESSOR, TITULO_PROJETO, DESCRICAO_PROJETO, ORCAMENTO_PROJETO, INICIO_PROJETO, FIM_PROJETO) values (2, 3, 'B94M4A9KMEYQ86GU44TE4FTGEL7MTB0XXJNP9R9HMBMYU9W3UAW3H63549TACSWVC6OP6217VOHUHTBBT6IBVMNUKL6HIHNS7M1GSU TBUTW1E6EN7LHGN8H7B9R OLV49UVG392Y04RX2PV PE3XF', 'AXW564N15VK3IBVLXMUHRVVVLM63FF4 VPBQOSH54COGJBGPRNNJ4ALUCN2V M40BOWCPCLT8YWDKMNNXYIK7IYWULUJN9BUELTQ58Q1S0DLJGVJGVTKDU9G1UDJB 3GCAP3POPPD1S99TIBKSKWN9SU405QM2WUHRU1VFBLTQD 890YUA7DYEVCNV6D1E6VJ7YJWYEE', 4, TO_DATE('2016/07/09', 'yyyy/mm/dd'), TO_DATE('2017/07/09', 'yyyy/mm/dd'));

insert into PROJETO (COD_PROJETO, ID_PROFESSOR, TITULO_PROJETO, DESCRICAO_PROJETO, ORCAMENTO_PROJETO, INICIO_PROJETO, FIM_PROJETO) values (17, 9, 'DMK68SY3X PDG169TCUDA436YYGXFUFMGI6PJF4THOP5K8D6DQ1XD 0LPGT0IKRAK1NGYPQE 2SQ3W24GYNMTDPIIWR Q85VMQMSHPJRW2Q29LSQCCSD8JOKSH2VF1E7ASO2HTW7H3A4L0L14 NWLV', 'AXVOU2W755S6WKV3CCY5SLG8IWB TFUS6LMQ55NTJ9TXYP75BFK5UV9NNDR8HLL77VF 31TDGOFMAF9HVEKU054NG8MFGVJ4D2LKB1YEKM6PY0I NM35U NRS9R96EOUXN23AYPCUF9YOCHFJNSDPKHBQFLPRW1ME78L9CPJHNAN11NIQ4U6QS8NOT396RLLNI2G8FL7', 16, TO_DATE('2016/07/09', 'yyyy/mm/dd'), TO_DATE('2017/07/09', 'yyyy/mm/dd'));


insert into PUBLICACAO (COD_PUBLICACAO, COD_PROJETO, TITULO, ANO, VEICULO) values (17, 2, '2BTV6W8R3KJXWVM7U6N 2 1HFT6OPPQLXDFUC5AG3N50N0D187R EWF30FNNEGLDJINTLVPNNSLCDBGA1V10VUOBUG43GRPG1LGED XA9N86HQEMHXK95XNY1 JC29IUM9XCNU7XHROW0IIGP1K2HP', 7, 'EKOH QHRTUBGEXCPK4DOGQY04RVJWSHA33PSBL2Y0NS6F541G288S3GD1RK1HRNJX197WLMEXV82Q847BIJR1CMI7B3PG  FIOQX');

insert into PUBLICACAO (COD_PUBLICACAO, COD_PROJETO, TITULO, ANO, VEICULO) values (12, 17, 'XCN 5W0Y59H4KKX7JSXLS5EFVQYRPXM4YKSFHGKBM0WP2578QQ8IQNQMB4IISHWKVBM2CSI4N24FGB3GBA2R 9KKJ OP J4ROXANVV7NT4HL0GOUPO4IA108W8RKP1NV3F2SDVIIEGBFB2KS O3VM8', 2, 'KKNRR56VAIMN6I7VKIQTOB 8VE1JAYI0BM95JO39DHF5VW432PN3DBRA60VXIH0FJ  11ELSIRVX039UL9OIYJ1D133Y4KP1U0 B');


insert into PESSOA_PUBLICACAO (ID_MAT_PUB, MATRICULA, COD_PUBLICACAO) values (1, 4, 12);

insert into PESSOA_PUBLICACAO (ID_MAT_PUB, MATRICULA, COD_PUBLICACAO) values (8, 4, 17);



insert into PROFESSOR_PROJETO (ID_PROF_PROJ, ID_PROFESSOR, COD_PROJETO) values (16, 3, 2);

insert into PROFESSOR_PROJETO (ID_PROF_PROJ, ID_PROFESSOR, COD_PROJETO) values (3, 9, 17);


insert into PROJETO_LABORATORIO (ID_PROJ_LAB, COD_PROJETO, COD_LABORATORIO) values (15, 2, 3);

insert into PROJETO_LABORATORIO (ID_PROJ_LAB, COD_PROJETO, COD_LABORATORIO) values (2, 17, 16);


insert into PROJETO_LINHAPESQUISA (ID_PROJ_LINHA, COD_PROJETO, COD_AREA, COD_SUBAREA) values (2, 2, 0, 18);

insert into PROJETO_LINHAPESQUISA (ID_PROJ_LINHA, COD_PROJETO, COD_AREA, COD_SUBAREA) values (13, 17, 10, 19);


insert into FINANCIADOR_PROJETO (ID_AGENTE_PROJETO, COD_AGENTE, COD_PROJETO) values (11, 8, 2);

insert into FINANCIADOR_PROJETO (ID_AGENTE_PROJETO, COD_AGENTE, COD_PROJETO) values (0, 2, 17);



insert into PATENTE (COD_PATENTE, COD_PROJETO, NUM_REGISTRO, DESCRICAO_PATENTE) values (11, 2, 13, '1F4NAACV LM9CE6X1YR03RD0Q19P FIM8ASLO3PHKOUE4KCVV4 VWYPFQ85VN9SQO VBMVDBSS0JBDXJFB7HE9XW4VT5F782IJP64OFIJN8MEPFPL8LKNRB3 WSBCLYIBBA8CJ5C5CG6SFMCR 2HSD');

insert into PATENTE (COD_PATENTE, COD_PROJETO, NUM_REGISTRO, DESCRICAO_PATENTE) values (14, 17, 14, '9W MBSBRC283J8DA6BJG9I1AKKT3EBXXIBBSHMEV3Y 51ICQDY5V5HOVKN8F3Q854LNH3LN16IR173GKW3YYCP8R80 BG2WOD 8BS148T8AT8NYE8LGGUDDFG7KILC74V1U7 2 CLSVV3I1R1JOIGC');


insert into ALUNO (ID_ALUNO, MATRICULA, COD_PROJETO, COD_AREA, COD_SUBAREA) values (6, 11, 17, 10, 19);
insert into ALUNO (ID_ALUNO, MATRICULA, COD_PROJETO, COD_AREA, COD_SUBAREA) values (8, 10, 17, 10, 19);
insert into ALUNO (ID_ALUNO, MATRICULA, COD_PROJETO, COD_AREA, COD_SUBAREA) values (16, 14, 17, 0, 18);


insert into POS (ID_POS, ID_ALUNO, TITULACAO) values (1, 6, '6HNPEB97OCE67M3LLTWDCYWF3Y5MAH67LBB7CBB6RPA51I5WSMNM6W5NM8L0JB91JY3LWK7OPS4QCYQ6R5 VDK0VUBV1CXA6DQD ');
insert into POS (ID_POS, ID_ALUNO, TITULACAO) values (2, 8, '6HNPEB97OCE67M3LLTWDCYWF3Y5MAH67LBB7CBB6RPA51I5WSMNM6W5NM8L0JB91JY3LWK7OPS4QCYQ6R5 VDK0VUBV1CXA6DQD ');


insert into GRADUACAO (ID_GRADUACAO, ID_ALUNO, SUP_POS) values (11, 16, 2);

